Metric,Training,Testing
RMSE,3.008727593976012,4.771348120083136
MAE,2.2637279892912314,3.0183914604032647
R²,0.9913691488240908,0.9747215501780576
